{"Gradient penalty": 8.915609359741211, "_runtime": 16, "_timestamp": 1630427515, "_step": 20, "Wass": 0.001100931316614151, "Discriminator real": -0.007730253040790558, "Discriminator fake": -0.008831184357404709, "fake": {"_type": "image-file", "path": "media/images/fake_8_5ca8ea2aa96aa8de2203.png", "sha256": "5ca8ea2aa96aa8de2203168fd29d6230bf37281dd2a5e9df4752a7fa1c6af826", "size": 358, "format": "png", "width": 128, "height": 128}, "_wandb": {"runtime": 14}}