{"Gradient penalty": 5.982149124145508, "_runtime": 15, "_timestamp": 1630427898, "_step": 12, "Wass": 0.004233712330460548, "Discriminator real": -0.0019008554518222809, "Discriminator fake": -0.006134567782282829, "fake": {"_type": "image-file", "path": "media/images/fake_8_f323ffeb852df610d9bd.png", "sha256": "f323ffeb852df610d9bdb2de1bb362e30ef3850634c793d6880e1aaaf01cc460", "size": 546, "format": "png", "width": 192, "height": 192}, "_wandb": {"runtime": 12}}