{"Gradient penalty": 9.058205604553223, "_runtime": 14, "_timestamp": 1630427668, "_step": 12, "Wass": 0.003310086205601692, "Discriminator real": -0.029164334759116173, "Discriminator fake": -0.032474420964717865, "fake": {"_type": "image-file", "path": "media/images/fake_8_fd71a2a048989659cb63.png", "sha256": "fd71a2a048989659cb636f83891fcc64a59488be30c71e764e703f3e7e414844", "size": 358, "format": "png", "width": 128, "height": 128}, "_wandb": {"runtime": 14}}