{"Gradient penalty": 9.028993606567383, "_runtime": 17, "_timestamp": 1630427375, "_step": 16, "Wass": -0.0006758030503988266, "Discriminator real": 0.0064767091535031796, "Discriminator fake": 0.007152512203902006, "fake": {"_type": "image-file", "path": "media/images/fake_8_5ca8ea2aa96aa8de2203.png", "sha256": "5ca8ea2aa96aa8de2203168fd29d6230bf37281dd2a5e9df4752a7fa1c6af826", "size": 358, "format": "png", "width": 128, "height": 128}, "_wandb": {"runtime": 15}}