{"Gradient penalty": 9.065505981445312, "_runtime": 13, "_timestamp": 1630427814, "_step": 8, "Wass": 0.0023958683013916016, "Discriminator real": -0.021265311166644096, "Discriminator fake": -0.023661179468035698, "fake": {"_type": "image-file", "path": "media/images/fake_8_e2f1176c2f039afbf4c8.png", "sha256": "e2f1176c2f039afbf4c86b5b408b2a318d86a087be93464feef2987f548ca814", "size": 546, "format": "png", "width": 192, "height": 192}, "_wandb": {"runtime": 12}}