{"Gradient penalty": 9.044726371765137, "_runtime": 15, "_timestamp": 1630427598, "_step": 12, "Wass": -0.001111416146159172, "Discriminator real": 0.02526797354221344, "Discriminator fake": 0.026379389688372612, "fake": {"_type": "image-file", "path": "media/images/fake_8_b61fb338240e17d4c996.png", "sha256": "b61fb338240e17d4c9965be06a17f38efe6b70498b74404a2076c4bf93d17fad", "size": 358, "format": "png", "width": 128, "height": 128}, "_wandb": {"runtime": 14}}