{"Gradient penalty": 8.792961120605469, "_runtime": 18, "_timestamp": 1630427431, "_step": 20, "Wass": 0.0012105463538318872, "Discriminator real": 0.0037903988268226385, "Discriminator fake": 0.0025798524729907513, "fake": {"_type": "image-file", "path": "media/images/fake_8_94d6a14e1fa7b9e4706f.png", "sha256": "94d6a14e1fa7b9e4706fb1b6b032ae40739c328b4952e202edd4dd7cbff57dcb", "size": 358, "format": "png", "width": 128, "height": 128}, "_wandb": {"runtime": 15}}